{"nodes":{"node:1":{"location":{"x":-427,"y":-369}},"node:17":{"location":{"x":42,"y":-81}},"node:19":{"location":{"x":-127,"y":32}},"node:22":{"location":{"x":76,"y":128}},"node:3":{"location":{"x":-425,"y":-288}},"node:31":{"location":{"x":42,"y":-145}},"node:7":{"location":{"x":320,"y":-163}}},"selection":null,"view":{"scroll":{"x":-395.50006103515625,"y":-414.24993896484375},"visible_rect":{"max":{"x":782,"y":447.66680908203125},"min":{"x":-527.33349609375,"y":-552.33331298828125}},"zoom":0.749999880790710449}}