{"nodes":null,"selection":null,"view":{"scroll":{"x":-502.074859619140625,"y":-1.69937872886657715},"visible_rect":{"max":{"x":43756.19921875,"y":198.9749755859375},"min":{"x":-43423.1953125,"y":-146.975006103515625}},"zoom":0.0115623651072382927}}